{"cc_cd": [[0, 1, 2, 3, 4], [0.52066185564818135, 0.57256682679652093, 0.58423385719483401, 0.59795472486000834, 0.65098516435883336]], "cd_cc": [[0.0, 0.1, 0.2, 0.3, 0.4, 0.5, 0.6, 0.7, 0.8, 0.9, 1.0], [11.492417190059273, 14.128426888426889, 16.249124427510296, 20.415263190603444, 25.704530483185668, 30.521573107281903, 33.206127424052077, 32.070924431706693, 29.851712082107916, 30.284693916788434, 30.083236281427691]], "cc_yd": [[0, 1, 2, 3, 4], [0.34170434848551878, 0.402480443557451, 0.43848546693908624, 0.44303330438188859, 0.4155744790250161]], "cc_sd": [[0, 1, 2, 3, 4], [0.31246694814227044, 0.39429388021249306, 0.4369435120774352, 0.42657695422728864, 0.42946157927523421]], "ys_cc": [[0.0, 0.1, 0.2, 0.3, 0.4, 0.5, 0.6, 0.7, 0.8, 0.9, 1.0], [12.340038752862426, 13.182190273976108, 16.104503830768451, 22.473822952924603, 30.814037429849936, 37.429914825046041, 41.951659493905595, 47.128146675073971, 52.670193606483565, 61.140949554896146, 39.777777777777779]], "sd_cc": [[0.0, 0.1, 0.2, 0.3, 0.4, 0.5, 0.6, 0.7, 0.8, 0.9], [19.399402876636131, 16.315599185117197, 19.678507310924815, 24.190413720864054, 28.124799801545773, 34.023087091298386, 42.035105661222346, 60.428661101836397, 118.82859858485584, 245.57419354838709]]}