{"high": [[1905, 1908, 1921, 1923, 1925, 1926, 1927, 1928, 1929, 1930, 1931, 1932, 1933, 1934, 1935, 1936, 1937, 1938, 1939, 1940, 1941, 1942, 1943, 1944, 1945, 1946, 1947, 1948, 1949, 1950, 1951, 1952, 1953, 1954, 1955, 1956, 1957, 1958, 1959, 1960, 1961, 1962, 1963, 1964, 1965, 1966, 1967, 1968, 1969, 1970, 1971, 1972, 1973, 1974, 1975, 1976, 1977, 1978, 1979, 1980, 1981, 1982, 1983, 1984, 1985, 1986, 1987, 1988, 1989, 1990, 1991, 1992, 1993, 1994, 1995, 1996, 1997, 1998, 1999, 2000, 2001, 2002, 2003, 2004], [0.0, 0.29999998800000044, 0.14999999400000022, 0.2960992832201601, 0.0, 0.16666665555555629, 0.35714284693877579, 0.085227266528926079, 0.044444440740741047, 0.17916665915277807, 0.13996598229725474, 0.31666665881481504, 0.11904761394557849, 0.2148010642725183, 0.1787036961913584, 0.075925922888888997, 0.052910048794826886, 0.42499998671875039, 0.32919828066398055, 0.20416665697338018, 0.22318796226852755, 0.45476189778968262, 0.4054132496510231, 0.37142856479591851, 0.29880697436784337, 0.0, 0.23315017653380082, 0.25883171456052617, 0.26079689202082945, 0.39135366478042882, 0.23740692843721314, 0.24210820586238704, 0.2462101716523207, 0.36579067046134722, 0.29417039916528853, 0.43873561881420503, 0.30747699121280464, 0.36812089329399172, 0.34242423775756592, 0.38991956194758187, 0.32156037331740811, 0.33522028412401911, 0.3071819327151758, 0.31584892091368566, 0.33239394348571244, 0.34856060449241744, 0.40424431560170238, 0.4282134105690088, 0.40555956641989721, 0.40532205708997709, 0.42398154928407705, 0.44759062536953181, 0.33712475344832027, 0.40149703138069931, 0.43278380907352765, 0.4406861056893982, 0.39381594964915245, 0.4032539102876132, 0.44626649086789594, 0.4106894269274588, 0.41476815929291538, 0.39216456307394632, 0.41148158906998838, 0.44342635201422226, 0.47846784347465354, 0.48522677337532583, 0.43044349659523318, 0.44427918152523921, 0.44513986194124572, 0.50580964076624646, 0.46648887642718745, 0.47429362080356835, 0.48562498793309133, 0.53523002393971197, 0.50348998186945304, 0.48007673239947141, 0.47911078782249067, 0.49314236355677016, 0.50642722857789668, 0.55254711436290072, 0.49285127795519806, 0.52169847912014478, 0.53525450692788568, 0.52414020204361189]], "all": [[1900, 1901, 1902, 1903, 1904, 1905, 1906, 1907, 1908, 1909, 1910, 1911, 1912, 1913, 1914, 1915, 1916, 1917, 1918, 1919, 1920, 1921, 1922, 1923, 1924, 1925, 1926, 1927, 1928, 1929, 1930, 1931, 1932, 1933, 1934, 1935, 1936, 1937, 1938, 1939, 1940, 1941, 1942, 1943, 1944, 1945, 1946, 1947, 1948, 1949, 1950, 1951, 1952, 1953, 1954, 1955, 1956, 1957, 1958, 1959, 1960, 1961, 1962, 1963, 1964, 1965, 1966, 1967, 1968, 1969, 1970, 1971, 1972, 1973, 1974, 1975, 1976, 1977, 1978, 1979, 1980, 1981, 1982, 1983, 1984, 1985, 1986, 1987, 1988, 1989, 1990, 1991, 1992, 1993, 1994, 1995, 1996, 1997, 1998, 1999, 2000, 2001, 2002, 2003, 2004], [0.02916219819603949, 0.031056345036498945, 0.032697426335109837, 0.040377049087034954, 0.046418522670798532, 0.055263811782949757, 0.049287008973807639, 0.053047424210578079, 0.064344654898668668, 0.079876220925800004, 0.073398712153541407, 0.072157921794439278, 0.079555372070407332, 0.077805990190916968, 0.072918012816698963, 0.089481686598145871, 0.10088915554092549, 0.096053650238772201, 0.090972758756478131, 0.091478993544831175, 0.083765897553883181, 0.080106405876993234, 0.08119725799521002, 0.095346203345787223, 0.094649391147109657, 0.12078323086959802, 0.11835405800886691, 0.1289041382291993, 0.12994873579097377, 0.13193035287845387, 0.13168306713712513, 0.14101951665237761, 0.14938517591625966, 0.13994396031894107, 0.13698771444297977, 0.14619718658640554, 0.15148687877634878, 0.1472345576713367, 0.14511240485778942, 0.15570494343842245, 0.15203265421149437, 0.15469490085819801, 0.17315220559997938, 0.16838328304912936, 0.16490485571436425, 0.16330653485308763, 0.14605360348399268, 0.14043299625281169, 0.16232563223228005, 0.15449591738365465, 0.16796520255908734, 0.17682323647432097, 0.1965363540022218, 0.20333443708333226, 0.20812113759578105, 0.21086993217463804, 0.22578765460652941, 0.2279228830676798, 0.22945720608215689, 0.23710212696724733, 0.24803969114825544, 0.24796851433038122, 0.26110773441290963, 0.26025439920046894, 0.26216832906829873, 0.25634637359831608, 0.2614796178954592, 0.2677373192115457, 0.26991580277230526, 0.28486691576445961, 0.28882763346337742, 0.29559071248342217, 0.298158206109708, 0.30548430180733654, 0.30919039940914578, 0.31244745202087953, 0.31987097312036405, 0.32259463026600277, 0.32500476402787881, 0.32998717960662183, 0.33059548540835754, 0.33109145882946955, 0.33641810117419663, 0.33833653673638864, 0.34182074207151303, 0.34305427553487544, 0.34993974765303487, 0.34745148397144193, 0.35099025373572051, 0.35209002695964547, 0.3547012390875196, 0.35883323551950513, 0.36879295590157235, 0.37230289589691146, 0.37034936030377857, 0.37683956418146441, 0.38082942248393542, 0.38177511473547993, 0.38459587855463423, 0.37456380960649582, 0.37378329045105141, 0.37756583834965879, 0.38229294930134067, 0.38307267918632304, 0.3877489717013185]], "medium": [[1900, 1901, 1902, 1903, 1904, 1905, 1906, 1907, 1908, 1909, 1910, 1911, 1912, 1913, 1914, 1915, 1916, 1917, 1918, 1919, 1920, 1921, 1922, 1923, 1924, 1925, 1926, 1927, 1928, 1929, 1930, 1931, 1932, 1933, 1934, 1935, 1936, 1937, 1938, 1939, 1940, 1941, 1942, 1943, 1944, 1945, 1946, 1947, 1948, 1949, 1950, 1951, 1952, 1953, 1954, 1955, 1956, 1957, 1958, 1959, 1960, 1961, 1962, 1963, 1964, 1965, 1966, 1967, 1968, 1969, 1970, 1971, 1972, 1973, 1974, 1975, 1976, 1977, 1978, 1979, 1980, 1981, 1982, 1983, 1984, 1985, 1986, 1987, 1988, 1989, 1990, 1991, 1992, 1993, 1994, 1995, 1996, 1997, 1998, 1999, 2000, 2001, 2002, 2003, 2004], [0.0, 0.0, 0.22115383254437954, 0.10999999658163276, 0.055555551851852097, 0.085227266528926079, 0.03333333111111126, 0.1127448449301407, 0.20382183084683347, 0.015712681093766043, 0.01984126932686656, 0.070902473745937208, 0.19842819723411118, 0.083946752607992337, 0.13467063712032515, 0.065170936901380844, 0.15872675880573378, 0.15218614180566162, 0.089743588362919138, 0.042780745894935697, 0.092825856209557023, 0.06454476290633937, 0.11672118857911576, 0.1584718683139644, 0.11245046706108715, 0.21772474044740703, 0.1750289970586438, 0.22538170356585113, 0.1677529145851501, 0.18164270928564186, 0.20577470665744083, 0.21818404044662118, 0.22910127197424152, 0.22548760597041986, 0.23801109579549115, 0.24506062229381184, 0.22952385461627611, 0.22512245727396868, 0.21578438435997804, 0.2187431130765593, 0.25244761276409045, 0.20289892799927123, 0.20223996690474441, 0.25008769860605157, 0.25554487102040646, 0.20767190767437746, 0.23927825462098953, 0.21801180774124035, 0.22306362196768822, 0.22975999235976421, 0.24917615373356969, 0.25360632811199124, 0.2762857727927519, 0.30325274349212145, 0.29939006307203198, 0.2980057883466995, 0.31164948032166256, 0.29713885065628731, 0.31210711259364449, 0.31610631559618912, 0.323449489188321, 0.33694227850069586, 0.34774195221294973, 0.34156856014733328, 0.35003449264850661, 0.34480637157260102, 0.3629774440415896, 0.37029857435925329, 0.38194664320159905, 0.384219137920428, 0.38447110840089521, 0.3906017253456211, 0.40520670043349727, 0.40353749132461308, 0.41116073891709354, 0.40684528206616072, 0.41370576986939117, 0.41641103950862507, 0.41964762515002668, 0.41881717611631009, 0.4231857428568741, 0.42413642569090532, 0.4235099297212459, 0.42329084171570158, 0.43244580185541548, 0.42988964204525182, 0.43564426490236524, 0.43800967430218629, 0.43602007184280461, 0.43779976457253633, 0.44086480167330649, 0.44502781596978835, 0.448950959039913, 0.45384182575223775, 0.45743064727843519, 0.4577603406802217, 0.46124323128162886, 0.46877507758065196, 0.46903653671567841, 0.47272776595320182, 0.47082384319737808, 0.46997199742368956, 0.47355910407404883, 0.47515576536342718, 0.47832982386252676]],