{"high": [[1905, 1908, 1921, 1923, 1925, 1926, 1927, 1928, 1929, 1930, 1931, 1932, 1933, 1934, 1935, 1936, 1937, 1938, 1939, 1940, 1941, 1942, 1943, 1944, 1945, 1946, 1947, 1948, 1949, 1950, 1951, 1952, 1953, 1954, 1955, 1956, 1957, 1958, 1959, 1960, 1961, 1962, 1963, 1964, 1965, 1966, 1967, 1968, 1969, 1970, 1971, 1972, 1973, 1974, 1975, 1976, 1977, 1978, 1979, 1980, 1981, 1982, 1983, 1984, 1985, 1986, 1987, 1988, 1989, 1990, 1991, 1992, 1993, 1994, 1995, 1996, 1997, 1998, 1999, 2000, 2001, 2002, 2003, 2004], [0.0, 0.1777777728395063, 0.16190475804988672, 0.41025640557804782, 0.0, 0.66666662666666909, 0.29931971791383249, 0.33333332277777827, 0.3931623826700012, 0.31433424722679637, 0.33272433960685915, 0.41327909795715584, 0.48253967503350981, 0.2935200832626087, 0.37333054844921998, 0.41296295120576176, 0.33616556756234811, 0.57142856616541349, 0.37111022038630592, 0.35797929700128694, 0.33258500031850496, 0.44859014917732232, 0.36304910672975227, 0.36845826929152609, 0.31192405093254827, 0.29238422850797241, 0.25795503828025357, 0.35379441160187353, 0.43096093320466011, 0.47322076719934408, 0.38788446361587636, 0.36595085147902412, 0.36951270558673377, 0.44307036646315956, 0.43509314027653756, 0.43084871584776141, 0.40301199263645343, 0.42484174392527962, 0.38793394798764147, 0.42660421045106184, 0.39223492133747129, 0.42749460711893639, 0.38764521884155773, 0.41149966315772585, 0.40975819141864755, 0.42067216296652671, 0.43686971948957204, 0.43750376793062518, 0.44032330463614816, 0.4239611539028682, 0.45554223345968725, 0.42390917885533197, 0.43111435317498259, 0.42527804851426904, 0.43119555461806053, 0.43023343867413855, 0.43346938283625924, 0.42627704010206952, 0.41794223959421062, 0.4308492273348184, 0.42871680734649625, 0.45263124674144195, 0.46402654094749202, 0.43254680156471631, 0.42673158295257402, 0.4473297636044995, 0.49718252039631222, 0.45760782766603519, 0.45159766162320331, 0.43062911785624142, 0.45618772165121257, 0.47382402893905107, 0.46092558365960168, 0.45740820599576282, 0.47638005292162999, 0.46849320108137249, 0.4647783712872397, 0.47320469698197248, 0.49008328112640093, 0.48759651610269283, 0.489673699748434, 0.47890161553315286, 0.47606923188561145, 0.50230008253846747]], "all": [[1900, 1901, 1902, 1903, 1904, 1905, 1906, 1907, 1908, 1909, 1910, 1911, 1912, 1913, 1914, 1915, 1916, 1917, 1918, 1919, 1920, 1921, 1922, 1923, 1924, 1925, 1926, 1927, 1928, 1929, 1930, 1931, 1932, 1933, 1934, 1935, 1936, 1937, 1938, 1939, 1940, 1941, 1942, 1943, 1944, 1945, 1946, 1947, 1948, 1949, 1950, 1951, 1952, 1953, 1954, 1955, 1956, 1957, 1958, 1959, 1960, 1961, 1962, 1963, 1964, 1965, 1966, 1967, 1968, 1969, 1970, 1971, 1972, 1973, 1974, 1975, 1976, 1977, 1978, 1979, 1980, 1981, 1982, 1983, 1984, 1985, 1986, 1987, 1988, 1989, 1990, 1991, 1992, 1993, 1994, 1995, 1996, 1997, 1998, 1999, 2000, 2001, 2002, 2003, 2004], [0.044999988333336738, 0.11753873473837842, 0.09833560746870959, 0.085713399020402856, 0.14536137860444878, 0.12725818492428834, 0.14461022458658129, 0.1559129599904355, 0.16856966056436551, 0.1663396235923707, 0.1587328207751528, 0.18914880335962272, 0.19156837736997775, 0.21568501151546238, 0.18613267398241121, 0.18344374455037263, 0.18486587532365706, 0.17382053132066619, 0.18906079904825798, 0.17358955929690836, 0.17645863694296707, 0.22276301447014468, 0.19184893727012159, 0.2155839787552723, 0.21950902720098506, 0.24832693802920733, 0.26361430159438692, 0.23985516809572854, 0.25440273404046543, 0.26903581276455762, 0.26970101520535644, 0.27723117854009205, 0.29312086013500982, 0.27994238286063705, 0.27529384592419864, 0.26691473397837473, 0.27889302264043542, 0.26787194636956724, 0.27074372017843457, 0.2909053739002378, 0.2733056266266306, 0.26952843321819131, 0.26289651785079249, 0.2565065100774459, 0.25063698959489178, 0.22136893852269071, 0.22852187595254148, 0.24699220935246338, 0.28460851496709888, 0.29461586180353611, 0.30645327684409146, 0.31599680174223693, 0.32224452021119471, 0.3231009504927212, 0.32307016605967359, 0.31751825162794134, 0.32701893895507195, 0.32953821110346981, 0.32641977998530175, 0.32774688564653132, 0.3333830781663697, 0.33111990650820006, 0.33755423840112797, 0.33951289394603767, 0.33828443019908794, 0.33169485993251513, 0.3330805331542433, 0.33213555025854147, 0.33291640621433721, 0.3382717865859477, 0.33820706694990621, 0.34174569237101943, 0.34200765376118142, 0.34823159279102794, 0.34850484935451281, 0.34776915529617958, 0.34990451930829242, 0.35226614734357486, 0.3531660491337571, 0.3534435862865663, 0.35396177164248493, 0.35377302093315066, 0.35946150716502207, 0.36133512431949916, 0.36255430197842486, 0.36218419209132391, 0.3668895298878555, 0.37007033757850072, 0.3686127275734386, 0.36566935945866152, 0.36668162611515803, 0.37043156021796991, 0.37549271974249671, 0.37793908324227093, 0.37542061697619455, 0.37927569110202752, 0.38126598341893414, 0.38071147057155941, 0.38437591803270782, 0.38034385173274687, 0.377969159092025, 0.38320320121451285, 0.38413149517009654, 0.38309813972985068, 0.38688390822418689]], "medium": [[1900, 1901, 1902, 1903, 1904, 1905, 1906, 1907, 1908, 1909, 1910, 1911, 1912, 1913, 1914, 1915, 1916, 1917, 1918, 1919, 1920, 1921, 1922, 1923, 1924, 1925, 1926, 1927, 1928, 1929, 1930, 1931, 1932, 1933, 1934, 1935, 1936, 1937, 1938, 1939, 1940, 1941, 1942, 1943, 1944, 1945, 1946, 1947, 1948, 1949, 1950, 1951, 1952, 1953, 1954, 1955, 1956, 1957, 1958, 1959, 1960, 1961, 1962, 1963, 1964, 1965, 1966, 1967, 1968, 1969, 1970, 1971, 1972, 1973, 1974, 1975, 1976, 1977, 1978, 1979, 1980, 1981, 1982, 1983, 1984, 1985, 1986, 1987, 1988, 1989, 1990, 1991, 1992, 1993, 1994, 1995, 1996, 1997, 1998, 1999, 2000, 2001, 2002, 2003, 2004], [0.0, 0.0, 0.13333332533333378, 0.13071427663303642, 0.0, 0.04999999800000008, 0.19761903716553347, 0.15022324319295816, 0.27798820590295342, 0.11961279093913896, 0.010416666536458331, 0.22744646843559804, 0.25806088756099027, 0.21669036954964685, 0.21781194157566383, 0.16272223169636985, 0.25534169294206549, 0.077173911529615655, 0.30695265447245534, 0.1112087893394518, 0.21722382352356434, 0.1730487446854217, 0.26201952117073346, 0.27925706227517538, 0.29877360659972785, 0.30933462758759023, 0.31324202071354024, 0.32870982219266587, 0.33219090557139214, 0.36359384769002751, 0.35791112493045313, 0.32185224396962603, 0.38161084736261697, 0.31882659145581865, 0.3478697254516398, 0.35149811151545063, 0.33078278128224659, 0.34453929983141968, 0.35734652525956562, 0.34363741027513844, 0.35255759633566913, 0.31649247666285651, 0.32063582078233238, 0.28052636813017834, 0.30870621420832389, 0.27810845128092643, 0.28682530284739088, 0.30512091195175467, 0.3384093220726323, 0.34560297465899603, 0.38707082706330331, 0.39852805000173641, 0.39247459342571456, 0.40877903796980053, 0.39619121059951573, 0.39391312033667647, 0.3992582312867341, 0.39800021037842559, 0.39986924854026223, 0.39605082677347958, 0.39519339961369632, 0.40146835755212384, 0.40204618851874119, 0.4118831991052545, 0.41036995046515934, 0.40968565774089083, 0.41297109245766406, 0.41785514179806771, 0.41915553230089747, 0.42269161651689613, 0.41695130931027979, 0.41991176695192178, 0.42264890991236015, 0.42007971183634557, 0.42625647769594543, 0.42201631879188073, 0.4182847620343938, 0.42511573129389663, 0.42158670024380274, 0.42128524635610559, 0.42064797343539656, 0.42220360478933877, 0.42299387832865704, 0.42701992197267419, 0.4276231455195651, 0.43254814621880699, 0.43208175565412865, 0.44162151897276397, 0.43935153961416645, 0.43337263448680541, 0.43337748011418858, 0.43661748060309302, 0.43757094265703167, 0.43973667219203466, 0.43985286608267898, 0.44018725856994589, 0.4466762177609136, 0.44675596582057203, 0.44934962605943957, 0.45109444444544144, 0.45009228939330193, 0.45306187050320945, 0.4544784473079776, 0.45321008577368072, 0.45566560154748176]],