{"high": [[1905, 1908, 1921, 1923, 1925, 1926, 1927, 1928, 1929, 1930, 1931, 1932, 1933, 1934, 1935, 1936, 1937, 1938, 1939, 1940, 1941, 1942, 1943, 1944, 1945, 1946, 1947, 1948, 1949, 1950, 1951, 1952, 1953, 1954, 1955, 1956, 1957, 1958, 1959, 1960, 1961, 1962, 1963, 1964, 1965, 1966, 1967, 1968, 1969, 1970, 1971, 1972, 1973, 1974, 1975, 1976, 1977, 1978, 1979, 1980, 1981, 1982, 1983, 1984, 1985, 1986, 1987, 1988, 1989, 1990, 1991, 1992, 1993, 1994, 1995, 1996, 1997, 1998, 1999, 2000, 2001, 2002, 2003, 2004], [0.0, 0.77394136776305311, 0.25637982176826424, 0.55606153730493046, 0.0, 0.11756423792576419, 0.54528061139289696, 0.44075520810365465, 0.49583168187119492, 0.54356814997354563, 0.48120422580210753, 0.72377387285520922, 0.49240121560175909, 0.39298990394142214, 0.63094042359690294, 0.38912823355336751, 0.27085839299157038, 0.56750347511809907, 0.53400050882103989, 0.54169727031305415, 0.43449542319232703, 0.67291918065564726, 0.66473799393297739, 0.62528571406686428, 0.4652869340230873, 0.33921989882530046, 0.50395879028577828, 0.55990533272985454, 0.52902765534621654, 0.56987318846038737, 0.54282157758302496, 0.45776981234354408, 0.46872827619149082, 0.57470840149781743, 0.53162235848133288, 0.585423835716265, 0.53035142671786251, 0.51446026982257265, 0.54395480553352482, 0.61298881232506197, 0.60068866326134074, 0.5696725394529355, 0.53528260951036388, 0.54535007904580379, 0.52980436760717742, 0.56574660157777057, 0.53120603283553358, 0.59548926847317085, 0.60818208649721317, 0.56667181544813916, 0.60907574867308978, 0.60684285330752619, 0.50019036775663372, 0.61391408683953086, 0.60506009096180935, 0.597344709229505, 0.57647453976192886, 0.58935218305520964, 0.59571959162838939, 0.60833732275564878, 0.61447190863727108, 0.58986134210502583, 0.57722339785338495, 0.5916079065146459, 0.5768313700505775, 0.6207068130681479, 0.628586356691481, 0.59829844545201016, 0.6397233727798306, 0.58626667156107581, 0.60481072574488215, 0.64255581237033943, 0.64256648574662689, 0.63960618109190803, 0.61556579253036259, 0.62355090693670068, 0.66701138148820915, 0.65139378002665016, 0.64078888895682218, 0.67033205313004307, 0.63607662355847938, 0.65851972131651293, 0.66855409194324877, 0.66000997668065153]], "all": [[1900, 1901, 1902, 1903, 1904, 1905, 1906, 1907, 1908, 1909, 1910, 1911, 1912, 1913, 1914, 1915, 1916, 1917, 1918, 1919, 1920, 1921, 1922, 1923, 1924, 1925, 1926, 1927, 1928, 1929, 1930, 1931, 1932, 1933, 1934, 1935, 1936, 1937, 1938, 1939, 1940, 1941, 1942, 1943, 1944, 1945, 1946, 1947, 1948, 1949, 1950, 1951, 1952, 1953, 1954, 1955, 1956, 1957, 1958, 1959, 1960, 1961, 1962, 1963, 1964, 1965, 1966, 1967, 1968, 1969, 1970, 1971, 1972, 1973, 1974, 1975, 1976, 1977, 1978, 1979, 1980, 1981, 1982, 1983, 1984, 1985, 1986, 1987, 1988, 1989, 1990, 1991, 1992, 1993, 1994, 1995, 1996, 1997, 1998, 1999, 2000, 2001, 2002, 2003, 2004], [0.10477479921875842, 0.13894858268370772, 0.12250270814509241, 0.12151294756233547, 0.16601374330865892, 0.15596140703233535, 0.17613909929906149, 0.17465550965441884, 0.19756600928004656, 0.20711387564830505, 0.19882385068535946, 0.22359789188139892, 0.22121376521536842, 0.24997627200909656, 0.23553290146262909, 0.26574800588081149, 0.25450215059875392, 0.23611097972268694, 0.28395885932615228, 0.28327020585530444, 0.25223059344655907, 0.26206865751957442, 0.24589370263899793, 0.26645821014463977, 0.27233266264261025, 0.28931371004115919, 0.29018299393300806, 0.30286919539590434, 0.30692004102474024, 0.33606204049091193, 0.33601350849444866, 0.33817735427509171, 0.35017771903200762, 0.34878802845428564, 0.34065112711364953, 0.33876729925208754, 0.35011906863659548, 0.33589726104350492, 0.33685972929152858, 0.36044680420674874, 0.36609723055792898, 0.36158449822746785, 0.37389176275077385, 0.36974683307638434, 0.36146862162722337, 0.3528644763702744, 0.32916511550790351, 0.3389898043154933, 0.35908485388474493, 0.36311062544345596, 0.3709265743320368, 0.38489463719202993, 0.40176092628440435, 0.40521546766603878, 0.41185655849612651, 0.41464411766838122, 0.43415599537935839, 0.44017512783447227, 0.44235771483198649, 0.44739649263535508, 0.45111962115169263, 0.45355046200971194, 0.4598470387068615, 0.46188830930549202, 0.45908613647696922, 0.45423399094875921, 0.45862977724093867, 0.46316614014170521, 0.46136979514251125, 0.48036227166798318, 0.49009231596744152, 0.49717448775559336, 0.4982638618897583, 0.50478556270523189, 0.50718470724235742, 0.51096550937090246, 0.51476094587984222, 0.51897556205652484, 0.52149060432406424, 0.52393451257240209, 0.52645951004689717, 0.52514859344470322, 0.53207148219919687, 0.5328381313275069, 0.53503536066176283, 0.53519232477681977, 0.54325342187876413, 0.5420377845264035, 0.54641560969762881, 0.54728497504458773, 0.54726808847536434, 0.55086514249676954, 0.55983728450409942, 0.56325028139377886, 0.56122871480541336, 0.56397022040189959, 0.5691830522380863, 0.56940467242838289, 0.57018075163222703, 0.55969195032930252, 0.55779231775641958, 0.56112965338412313, 0.56454380810907423, 0.5669418546870848, 0.57149322197535168]], "medium": [[1900, 1901, 1902, 1903, 1904, 1905, 1906, 1907, 1908, 1909, 1910, 1911, 1912, 1913, 1914, 1915, 1916, 1917, 1918, 1919, 1920, 1921, 1922, 1923, 1924, 1925, 1926, 1927, 1928, 1929, 1930, 1931, 1932, 1933, 1934, 1935, 1936, 1937, 1938, 1939, 1940, 1941, 1942, 1943, 1944, 1945, 1946, 1947, 1948, 1949, 1950, 1951, 1952, 1953, 1954, 1955, 1956, 1957, 1958, 1959, 1960, 1961, 1962, 1963, 1964, 1965, 1966, 1967, 1968, 1969, 1970, 1971, 1972, 1973, 1974, 1975, 1976, 1977, 1978, 1979, 1980, 1981, 1982, 1983, 1984, 1985, 1986, 1987, 1988, 1989, 1990, 1991, 1992, 1993, 1994, 1995, 1996, 1997, 1998, 1999, 2000, 2001, 2002, 2003, 2004], [0.31578947285318559, 0.07045454519834711, 0.34126984005102035, 0.33709763538969312, 0.083333330208333459, 0.01666666655555557, 0.2257761693944455, 0.23082073566146466, 0.51797542947960051, 0.35329687949909833, 0.066365750838572019, 0.25410841476920709, 0.39881753211988058, 0.26609157137135453, 0.2838788056085898, 0.31839094282411612, 0.41770003880006429, 0.2830070136195143, 0.52293822656552125, 0.1633979305320202, 0.36335008078054959, 0.28102815545772586, 0.29575175994093622, 0.36815146012031424, 0.32521215211097082, 0.39340137268057129, 0.37034957100299593, 0.46483029937936937, 0.43207808685222482, 0.44413277549377311, 0.46535141376144451, 0.48146143217888143, 0.47959651545013049, 0.47189905792199044, 0.4698000788073371, 0.4658253028616825, 0.43749666967127293, 0.47071397895556794, 0.43450530676529392, 0.47237376670952264, 0.47188874319626017, 0.42215337728982366, 0.46207145212960377, 0.44239666422159746, 0.47052611193930571, 0.44896916627283712, 0.46224504399687488, 0.44729506004329217, 0.44950989465142005, 0.46548460014369719, 0.4717850206591313, 0.47670842843879613, 0.49227614676269427, 0.51374907506970513, 0.50823725404623676, 0.50301330778479802, 0.51542177944765155, 0.51100515040176864, 0.51031305060593923, 0.51949215252407899, 0.51284754662005505, 0.53376478718599552, 0.523859086352643, 0.52628030694228289, 0.52486367285161317, 0.52609549483535478, 0.53873398255391702, 0.54370734493069606, 0.55027195019847841, 0.54923220381450333, 0.55788314402257178, 0.55800555210854919, 0.56804851965213887, 0.56832088852997387, 0.57173307646732974, 0.57128620887979165, 0.56776319493856009, 0.57335501076883011, 0.57237070727343153, 0.56831016750398755, 0.56783725310194166, 0.56895877131744232, 0.57110842838219023, 0.57382333003724006, 0.57589614855426363, 0.57849723452705237, 0.58188395938829152, 0.58784528465259567, 0.58886456990151748, 0.59004719989559251, 0.58738122289928119, 0.59302650889926911, 0.59578026440368448, 0.59821648388746318, 0.60157821333409567, 0.59901497728683151, 0.60019253046893351, 0.60449834589677442, 0.6039041123972001, 0.60907981619681839, 0.61095165600914814, 0.61020636603064893, 0.61257798147409148, 0.61461778440446246, 0.61684177862836342]],