{"cc": {"bins": [3.5527133235291684e-17, 0.032624137797875881, 0.065248275595751734, 0.09787241339362758, 0.13049655119150341, 0.16312068898937926, 0.19574482678725511, 0.22836896458513095, 0.26099310238300683, 0.2936172401808827, 0.32624137797875852, 0.35886551577663434, 0.39148965357451021, 0.42411379137238608, 0.4567379291702619, 0.48936206696813772, 0.52198620476601354, 0.55461034256388941, 0.58723448036176529, 0.61985861815964105, 0.65248275595751692, 0.6851068937553928, 0.71773103155326856, 0.75035516935114444, 0.78297930714902031, 0.81560344494689618, 0.84822758274477206, 0.88085172054264782, 0.91347585834052369, 0.94609999613839957, 0.97872413393627544], "n": [7360.0, 11543.0, 13789.0, 18201.0, 19990.0, 28456.0, 34657.0, 45241.0, 57607.0, 74951.0, 95244.0, 117645.0, 143047.0, 171176.0, 198452.0, 211309.0, 220155.0, 229073.0, 230194.0, 223826.0, 205420.0, 181722.0, 155200.0, 123870.0, 94635.0, 67618.0, 46143.0, 31390.0, 29639.0, 18707.0]}, "yd": {"bins": [1.7940731339624638e-18, 0.033035344289858236, 0.066070688579716472, 0.099106032869574701, 0.13214137715943294, 0.16517672144929119, 0.1982120657391494, 0.23124741002900764, 0.26428275431886589, 0.2973180986087241, 0.33035344289858237, 0.36338878718844059, 0.3964241314782988, 0.42945947576815707, 0.46249482005801529, 0.49553016434787356, 0.52856550863773177, 0.56160085292758999, 0.5946361972174482, 0.62767154150730653, 0.66070688579716474, 0.69374223008702296, 0.72677757437688117, 0.75981291866673939, 0.7928482629565976, 0.82588360724645593, 0.85891895153631415, 0.89195429582617236, 0.92498964011603058, 0.95802498440588879, 0.99106032869574712], "n": [8026.0, 19015.0, 28032.0, 40216.0, 52143.0, 93375.0, 111476.0, 157674.0, 203354.0, 257219.0, 309351.0, 327324.0, 331237.0, 298695.0, 247448.0, 208615.0, 138209.0, 93423.0, 59138.0, 33823.0, 21882.0, 9406.0, 5392.0, 2058.0, 1348.0, 738.0, 297.0, 167.0, 67.0, 7.0]}, "sd": {"bins": [7.8949184967314878e-18, 0.030513307967387854, 0.061026615934775701, 0.091539923902163547, 0.1220532318695514, 0.15256653983693924, 0.18307984780432707, 0.21359315577171492, 0.24410646373910277, 0.2746197717064906, 0.30513307967387848, 0.33564638764126631, 0.36615969560865413, 0.39667300357604202, 0.42718631154342984, 0.45769961951081772, 0.48821292747820555, 0.51872623544559338, 0.5492395434129812, 0.57975285138036914, 0.61026615934775696, 0.64077946731514479, 0.67129277528253262, 0.70180608324992044, 0.73231939121730827, 0.76283269918469621, 0.79334600715208403, 0.82385931511947186, 0.85437262308685968, 0.88488593105424751, 0.91539923902163545], "n": [3493.0, 5530.0, 13526.0, 26250.0, 73617.0, 173455.0, 84661.0, 131782.0, 170888.0, 179904.0, 207497.0, 192189.0, 217322.0, 227747.0, 212579.0, 205519.0, 181039.0, 153920.0, 125849.0, 97622.0, 75784.0, 45770.0, 26717.0, 16492.0, 9446.0, 4433.0, 1592.0, 455.0, 100.0, 22.0]}}